file,similarity,bin_weight,caption_chon,caption_kia,filepath,ok
2013-07-18_My_An_Onsen_Resort_ミーアン温泉_DSCF1268_107169950.png,0.5206,12.8,"A large rectangular information sign is mounted on a plain white wall next to a doorway. A round analog clock is positioned above the sign, and a small potted plant sits below.",A large white sign with green and blue text on an exterior wall lists the effects of Mỹ An Hot Mineral Water for skin and health conditions.,/Users/jenfnguyen/Documents/Dev/KIS-AAI-DM-Master/data/caption_project/vietnam_architecture/2013-07-18_My_An_Onsen_Resort_ミーアン温泉_DSCF1268_107169950.png,
Annam._Qui-Nhon._Tours_chams_vues_du_n(ord)-e(st)_-_(photogr.)_A._S(alles)_-_btv1b53013201r_(1_of_2)_161448469.png,0.5475,12.8,Brick Cham tower featuring a tiered roof and arched niches on the exterior walls. The structure stands in a field with low vegetation and is backed by a large mountain range.,A weathered stone tower with carved reliefs stands amidst dense vegetation at the base of rolling hills.,/Users/jenfnguyen/Documents/Dev/KIS-AAI-DM-Master/data/caption_project/vietnam_architecture/Annam._Qui-Nhon._Tours_chams_vues_du_n(ord)-e(st)_-_(photogr.)_A._S(alles)_-_btv1b53013201r_(1_of_2)_161448469.png,
Chùa_Diệu_Pháp_(Cổng_mái)_(7)_126873647.png,0.5636,12.8,"Wooden pavilion structure with dark polished pillars and intricate carved beams framing a view of a paved courtyard. A white bench sits near a tree, with motorcycles parked in the background.","A traditional Vietnamese gate with dark wood pillars and intricate carved roof details stands over a stone path. Beyond the gate, motorbikes are parked near blue buildings surrounded by trees.",/Users/jenfnguyen/Documents/Dev/KIS-AAI-DM-Master/data/caption_project/vietnam_architecture/Chùa_Diệu_Pháp_(Cổng_mái)_(7)_126873647.png,
"0040423_Thap_Binh_Lam_Cham_Hindu_temple,_Phuoc_Hoa,_Binh_Dinh_Vietnam_016_132498783.png",0.6058,12.8,"Cham tower constructed from weathered orange bricks features a tiered pyramidal roof and a tall, pointed arched entrance. The exterior walls display vertical pilasters and decorative brickwork under a clear blue sky.",A tall brick tower with a stepped pyramidal roof and an arched entrance. Green vegetation grows from the top and middle sections of the reddish-brown brick structure under a clear blue sky.,"/Users/jenfnguyen/Documents/Dev/KIS-AAI-DM-Master/data/caption_project/vietnam_architecture/0040423_Thap_Binh_Lam_Cham_Hindu_temple,_Phuoc_Hoa,_Binh_Dinh_Vietnam_016_132498783.png",
Champa_Po_Nagar_Nha_Trang_3397220.png,0.6212,12.8,Cham temple complex constructed from weathered red bricks featuring tiered pyramidal towers with pointed roofs. The structures stand on a paved courtyard surrounded by green trees under a cloudy sky.,A group of weathered brick towers with stepped pyramidal roofs stands on a paved courtyard surrounded by green trees under a cloudy sky.,/Users/jenfnguyen/Documents/Dev/KIS-AAI-DM-Master/data/caption_project/vietnam_architecture/Champa_Po_Nagar_Nha_Trang_3397220.png,
"0040423_Thap_Binh_Lam_Cham_Hindu_temple,_Phuoc_Hoa,_Binh_Dinh_Vietnam_081_132498786.png",0.6229,12.8,"Brick tower structure featuring vertical pilasters and intricate carvings on the exterior walls. The weathered red brick surface shows signs of age, with small plants growing from the upper sections.","A weathered brick temple with stepped towers and decorative carvings, set against a blue sky with green trees nearby.","/Users/jenfnguyen/Documents/Dev/KIS-AAI-DM-Master/data/caption_project/vietnam_architecture/0040423_Thap_Binh_Lam_Cham_Hindu_temple,_Phuoc_Hoa,_Binh_Dinh_Vietnam_081_132498786.png",
"Chùa_Hòa_Bình_quận_10_(cổng_chùa,_họa_tiết_bông_hoa)_(1)_126997129.png",0.6306,12.8,"A close-up of a concrete pillar featuring a relief carving of a floral motif set within a recessed panel. The pillar is painted in muted purple and white, adjacent to a metal gate.","A close-up of a decorative gate post featuring a floral relief and an ornate metal handle, set against a muted wall with green foliage.","/Users/jenfnguyen/Documents/Dev/KIS-AAI-DM-Master/data/caption_project/vietnam_architecture/Chùa_Hòa_Bình_quận_10_(cổng_chùa,_họa_tiết_bông_hoa)_(1)_126997129.png",
"Bui_Thi_Xuan_High_School,_Da_Lat_01_14100047.png",0.6376,12.8,"School gate structure featuring two stone pillars and a blue metal archway with white text. Colorful flags are attached to the top, and a yellow banner is visible on the left side.","A blue arched entrance gate with stone pillars supports a large sign reading 'TRƯỜNG TRUNG HỌC PHỔ THÔNG BÙI THỊ XUÂN'. Several colorful flags are mounted above the sign, and a yellow banner hangs on a fence to the left.","/Users/jenfnguyen/Documents/Dev/KIS-AAI-DM-Master/data/caption_project/vietnam_architecture/Bui_Thi_Xuan_High_School,_Da_Lat_01_14100047.png",
"Chùa_Bảo_Quang,_Tân_Phú,_tháng_01_năm_2022_(cổng_chùa_nhìn_từ_bên_trong)_(3)_114342742.png",0.6545,12.8,"Gate of a building featuring a dark metal grill, grey stone walls, and a wooden horizontal plaque with carved text. Vertical wooden panels with carved characters are attached to the gate pillars.",A black metal gate with vertical bars and an arched top under a dark tiled roof. A sign above reads PHAP LUAN THUONG CHUA.,"/Users/jenfnguyen/Documents/Dev/KIS-AAI-DM-Master/data/caption_project/vietnam_architecture/Chùa_Bảo_Quang,_Tân_Phú,_tháng_01_năm_2022_(cổng_chùa_nhìn_từ_bên_trong)_(3)_114342742.png",
"AAVH_AP0801_Sogny_Marien_–_Hué,_1923_–_La_gare_de_Hué,_point_de_départ_des_Huéens_vers_les_champs_de_bataille_européens._107721585.png",0.6591,12.8,Colonial building with a central clock on the pediment and a long covered walkway supported by metal brackets. People in white uniforms and vintage cars are positioned in front of the structure.,A colonial-style shophouse with a central clock tower and arched ground-floor openings stands on a street corner where uniformed guards stand watch near vintage automobiles.,"/Users/jenfnguyen/Documents/Dev/KIS-AAI-DM-Master/data/caption_project/vietnam_architecture/AAVH_AP0801_Sogny_Marien_–_Hué,_1923_–_La_gare_de_Hué,_point_de_départ_des_Huéens_vers_les_champs_de_bataille_européens._107721585.png",
04499-Hanoi_(32139779823)_111460292.png,0.661,12.7,"Small pavilion with a tiled hip roof and curved eaves sits on a stone platform by the water. Two tall flagpoles stand in front, surrounded by trees and urban buildings in the background.","A traditional Vietnamese temple with a curved tile roof stands by water, surrounded by greenery. Two flags fly on tall poles nearby.",/Users/jenfnguyen/Documents/Dev/KIS-AAI-DM-Master/data/caption_project/vietnam_architecture/04499-Hanoi_(32139779823)_111460292.png,
Bia_Thien_Y_A_Na_92998850.png,0.6698,12.7,Stone stele featuring a rectangular shape with carved dragon motifs along the vertical borders and a decorative top. The surface is inscribed with red Vietnamese text detailing historical information.,A tall stone monument engraved with Vietnamese text and red lettering reading 'BÀ THIÊN VÂN' stands outdoors on a paved area surrounded by trees.,/Users/jenfnguyen/Documents/Dev/KIS-AAI-DM-Master/data/caption_project/vietnam_architecture/Bia_Thien_Y_A_Na_92998850.png,
"Chùa_Giác_Lâm,_tháng_01_năm_2022_(cổng_chùa)_(9)_115832711.png",0.6777,12.7,"A yellow pagoda gate features green tiled roofs, gold dragon ornaments, and a central metal gate. Red Chinese characters are inscribed on the pillars and a large sign above the entrance.","A large orange temple gate with a green tiled roof and intricate golden decorations stands under a blue sky filled with colorful flags, leading to an entrance with ornate metal gates.","/Users/jenfnguyen/Documents/Dev/KIS-AAI-DM-Master/data/caption_project/vietnam_architecture/Chùa_Giác_Lâm,_tháng_01_năm_2022_(cổng_chùa)_(9)_115832711.png",
"Chùa_Huệ_Quang_ở_Thủ_Đức,_tháng_12_năm_2021_(cổng)_(5)_113530449.png",0.681,12.7,"Pagoda gate featuring a yellow curved roof with green tile edges and a golden phoenix sculpture. The structure is supported by stone-clad pillars and includes a green metal gate, with a sign nearby.",The entrance gate to Chua Ho Quang features a stone archway and a green door under a yellow roof with decorative dragon finials. A large green plant grows beside the structure.,"/Users/jenfnguyen/Documents/Dev/KIS-AAI-DM-Master/data/caption_project/vietnam_architecture/Chùa_Huệ_Quang_ở_Thủ_Đức,_tháng_12_năm_2021_(cổng)_(5)_113530449.png",
"Balcony_fence_in_Hanoi,_Vietnam_27630866.png",0.6815,12.7,"A window or partition screen features a dark-colored metal grid frame with rectangular patterns. The grid is set against a translucent, frosted glass surface that allows light to pass through.",A close-up of a dark wooden lattice window with geometric patterns set against a frosted glass pane.,"/Users/jenfnguyen/Documents/Dev/KIS-AAI-DM-Master/data/caption_project/vietnam_architecture/Balcony_fence_in_Hanoi,_Vietnam_27630866.png",
Ao_Dai_6512492.png,0.6867,12.7,"A woman in a white dress stands within a series of arched brick doorways. The structure features weathered masonry walls with visible graffiti, leading to an outdoor walkway with trees in the background.","A woman wearing a white ao dai stands inside a stone archway with brick pillars. Through the arches, several people walk on a paved path surrounded by green trees in the background.",/Users/jenfnguyen/Documents/Dev/KIS-AAI-DM-Master/data/caption_project/vietnam_architecture/Ao_Dai_6512492.png,
"Chum_kiểng_tu_viện_Vinh_Sơn,_Quận_3_(24)_115803840.png",0.6925,12.7,"A large brown ceramic jar sits against a white wall with a blue base, framed by a textured stone border. A thin plant grows from the jar, set on a patterned tiled ground.",A large brown ceramic pot with a decorative stone rim sits on patterned concrete pavement against a white wall with a blue baseboard. Bare branches and sparse green leaves emerge from the pot.,"/Users/jenfnguyen/Documents/Dev/KIS-AAI-DM-Master/data/caption_project/vietnam_architecture/Chum_kiểng_tu_viện_Vinh_Sơn,_Quận_3_(24)_115803840.png",
1_Phu_Quoc_beach_Saigon_Phu_Quoc_Resort_and_Spa_178380668.png,0.7022,12.7,"Resort buildings with tiled roofs and wooden walls are situated along a sandy beach. A tiled walkway separates the grassy lawn from the shore, which features several thatched-roof structures and palm trees.",A paved walkway runs between a grassy area with a building and beach umbrellas on one side and a sandy beach with palm trees on the other.,/Users/jenfnguyen/Documents/Dev/KIS-AAI-DM-Master/data/caption_project/vietnam_architecture/1_Phu_Quoc_beach_Saigon_Phu_Quoc_Resort_and_Spa_178380668.png,
"Ancient_Tomb_Complex_in_Phước_Vĩnh_Đông_Commune,_Cần_Giuộc,_Việt_Nam_(12)_198204655.png",0.7043,12.7,Stone finial shaped like a lotus bud sits atop a pillar or wall section. The weathered gray stone structure is surrounded by green leafy plants in an outdoor setting.,"A close-up of a weathered stone pillar with a pyramidal cap on a wall, surrounded by green foliage.","/Users/jenfnguyen/Documents/Dev/KIS-AAI-DM-Master/data/caption_project/vietnam_architecture/Ancient_Tomb_Complex_in_Phước_Vĩnh_Đông_Commune,_Cần_Giuộc,_Việt_Nam_(12)_198204655.png",
"Chung_cu_Vong_Xoay_Ho_con_rua-_q3,_hcm_-_panoramio_56579682.png",0.7071,12.7,"Multi-story apartment building with concrete balconies and exterior metal frames, featuring numerous plants and hanging laundry. The ground floor contains commercial storefronts, situated on a street with parked cars and motorcycles.",A multi-story shophouse with concrete balconies and a ground floor featuring storefronts with awnings stands on a street lined with tall trees and parked motorbikes.,"/Users/jenfnguyen/Documents/Dev/KIS-AAI-DM-Master/data/caption_project/vietnam_architecture/Chung_cu_Vong_Xoay_Ho_con_rua-_q3,_hcm_-_panoramio_56579682.png",
Chùa_Giác_Sanh_năm_2022_(cổng_chùa)_(14)_116026104.png,0.725,12.8,"A pagoda entrance features a large blue sign with white text, a black metal gate with gold lotus motifs, and red lanterns hanging above. A narrow pathway leads toward the yellow building structure.","A blue sign above a black metal gate reads CHÙA GIÁC SANH with an address and phone number, leading to a Buddhist temple complex decorated with colorful flags and red lanterns.",/Users/jenfnguyen/Documents/Dev/KIS-AAI-DM-Master/data/caption_project/vietnam_architecture/Chùa_Giác_Sanh_năm_2022_(cổng_chùa)_(14)_116026104.png,
Chùa_Diệu_Pháp_(bảng_hiệu_Đại_Hùng_Bảo_điện)_(1)_127033496.png,0.7259,12.8,"Interior of a building featuring a wooden ceiling with intricate carvings and a central horizontal wooden plaque with gold lettering. Three doorways lead into dark rooms, and the floor is made of polished stone tiles.",Interior of a building with polished marble floors and red wooden pillars. A carved wooden sign above three doorways reads TỔ ẤN TRÙNG QUANG in gold letters.,/Users/jenfnguyen/Documents/Dev/KIS-AAI-DM-Master/data/caption_project/vietnam_architecture/Chùa_Diệu_Pháp_(bảng_hiệu_Đại_Hùng_Bảo_điện)_(1)_127033496.png,
"AP1636-Sogny-Marien_Annam,_Dong_Duong,_1933_–_Visite_de_S.M._Bao_Dai_(3)_143900266.png",0.7272,12.8,"A tall stone stele stands outdoors, surrounded by a group of people in colonial-era attire and traditional Vietnamese clothing. Two large ceremonial umbrellas are held over the stone monument in an open landscape.","A group of people gather around a large, dark stone stele outdoors under trees. Some individuals wear colonial-style hats and clothing while others hold parasols.","/Users/jenfnguyen/Documents/Dev/KIS-AAI-DM-Master/data/caption_project/vietnam_architecture/AP1636-Sogny-Marien_Annam,_Dong_Duong,_1933_–_Visite_de_S.M._Bao_Dai_(3)_143900266.png",
03-OPERA_HOUSE_12076789.png,0.7286,12.8,Colonial building with yellow walls features a prominent portico supported by tall white columns. The structure has a wide stone staircase leading to the entrance and a metal awning over the side walkway.,A yellow colonial-style building with white columns and a flat roof stands under a blue sky. A person is visible through an open doorway on the left side of the structure.,/Users/jenfnguyen/Documents/Dev/KIS-AAI-DM-Master/data/caption_project/vietnam_architecture/03-OPERA_HOUSE_12076789.png,
"Chùa_Hòa_Bình_quận_10_(cổng_chùa,_họa_tiết_bông_hoa)_(2)_126997128.png",0.7286,12.8,"Detail of a wall featuring recessed panels with light blue backgrounds. The panels contain dark, raised relief carvings of a floral arrangement and a Chinese character, set within a textured, light-colored concrete frame.","A close-up of a weathered exterior wall panel featuring black relief carvings of flowers and leaves set against a light blue background, with green foliage visible on the right side.","/Users/jenfnguyen/Documents/Dev/KIS-AAI-DM-Master/data/caption_project/vietnam_architecture/Chùa_Hòa_Bình_quận_10_(cổng_chùa,_họa_tiết_bông_hoa)_(2)_126997128.png",
Bronze_Ginger_Shredder_101335557.png,0.7351,12.8,Two weathered bronze artifacts with perforated bowls and handle loops rest on a tan surface. These metal objects exhibit a greenish patina and appear to be displayed inside a museum setting.,Two corroded bronze artifacts with perforated surfaces and loop handles rest on a beige display surface.,/Users/jenfnguyen/Documents/Dev/KIS-AAI-DM-Master/data/caption_project/vietnam_architecture/Bronze_Ginger_Shredder_101335557.png,
Chùa_Bình_An_năm_2022_(trên_chánh_điện)_(6)_116395149.png,0.7366,12.8,"A rectangular wall panel features intricate gold-painted wood carvings of geometric patterns and a central character, set against a light yellow wall between two dark red pillars on a stone-faced base.","A close-up of a golden decorative wall panel on a building exterior, framed by red columns and set against yellow walls.",/Users/jenfnguyen/Documents/Dev/KIS-AAI-DM-Master/data/caption_project/vietnam_architecture/Chùa_Bình_An_năm_2022_(trên_chánh_điện)_(6)_116395149.png,
"Chùa_Huệ_Nghiêm_năm_2022,_trúc_viên_(lối_đi)_(3)_127262522.png",0.7376,12.8,"A small structure with a thatched roof stands amidst a dense bamboo grove. A stone-paved path leads toward the building, while potted plants are placed along the ground covered in fallen leaves.","A thatched-roof communal house with wooden pillars and a stone foundation sits amidst tall green bamboo stalks, surrounded by potted plants and a path of stepping stones.","/Users/jenfnguyen/Documents/Dev/KIS-AAI-DM-Master/data/caption_project/vietnam_architecture/Chùa_Huệ_Nghiêm_năm_2022,_trúc_viên_(lối_đi)_(3)_127262522.png",
Ba_Dinh_Square_3004479.png,0.7414,12.8,"Mausoleum with a tiered grey stone facade and rectangular columns stands in a large square. A tall flagpole is centered in front, with a line of uniformed guards standing on the paved ground.",The Ho Chi Minh Mausoleum stands in a wide plaza under an overcast sky. A group of uniformed guards stands at attention near a tall flagpole flying the Vietnamese national flag.,/Users/jenfnguyen/Documents/Dev/KIS-AAI-DM-Master/data/caption_project/vietnam_architecture/Ba_Dinh_Square_3004479.png,
"0040423_Thap_Duong_Long_Cham_tower_temples,_Hindu_trinity,_Binh_Dinh_Vietnam_089_132506943.png",0.7489,12.8,Stone architectural detail featuring a row of carved figures resembling naga heads atop horizontal decorative bands. The weathered brown masonry shows intricate relief patterns and is positioned outdoors under a bright blue sky.,"Close-up of carved sandstone architectural details on a stone structure, featuring rows of sculpted figures and decorative motifs under bright sunlight with green foliage above.","/Users/jenfnguyen/Documents/Dev/KIS-AAI-DM-Master/data/caption_project/vietnam_architecture/0040423_Thap_Duong_Long_Cham_tower_temples,_Hindu_trinity,_Binh_Dinh_Vietnam_089_132506943.png",
Bạch_dinh-_hiện_vật_24868173.png,0.7525,12.7,"Small metal tools and fasteners are displayed on a flat surface. The collection includes several elongated, dark metallic strips with loops at one end, arranged in rows alongside a cluster of thin, pointed objects.","A collection of old metal tools and hardware displayed on a white surface, including chisels, trowels, and bundles of nails.",/Users/jenfnguyen/Documents/Dev/KIS-AAI-DM-Master/data/caption_project/vietnam_architecture/Bạch_dinh-_hiện_vật_24868173.png,
Chùa_Bảo_Đàm_năm_2022_(cây_cảnh)_(18)_115905653.png,0.7558,12.7,"Potted plant with green leaves sits on a concrete balcony ledge, with a partial view of a white wall and tree branches in the background under bright sunlight.","A white planter with blue floral patterns sits on a concrete balcony ledge, surrounded by dense green foliage and thin tree branches against a pale wall.",/Users/jenfnguyen/Documents/Dev/KIS-AAI-DM-Master/data/caption_project/vietnam_architecture/Chùa_Bảo_Đàm_năm_2022_(cây_cảnh)_(18)_115905653.png,
Annam._Qui-Nhon._Tours_chams_vues_de_l'o(uest)-s(ud)-o(uest)_-_(photogr.)_A._S(alles)_-_btv1b530132310_(2_of_2)_160982152.png,0.7591,12.7,Two brick towers with pointed arched entrances and tiered roof structures stand amidst vegetation. This negative image shows the weathered masonry walls and architectural details of these structures in an outdoor setting.,Two ruined brick structures with arched doorways and remnants of decorative elements stand amidst dense vegetation under a dark sky.,/Users/jenfnguyen/Documents/Dev/KIS-AAI-DM-Master/data/caption_project/vietnam_architecture/Annam._Qui-Nhon._Tours_chams_vues_de_l'o(uest)-s(ud)-o(uest)_-_(photogr.)_A._S(alles)_-_btv1b530132310_(2_of_2)_160982152.png,
"0040423_Thap_Duong_Long_Cham_tower_temples,_Hindu_trinity,_Binh_Dinh_Vietnam_101_132506948.png",0.7594,12.7,"Ruined brick structure featuring layered, weathered masonry and carved stone base elements. The site is overgrown with green vegetation and grass, set against a clear blue sky in an open field.",Weathered red brick ruins of a temple structure overgrown with green vegetation and grass. Stone foundations and steps are visible at the base against a clear blue sky.,"/Users/jenfnguyen/Documents/Dev/KIS-AAI-DM-Master/data/caption_project/vietnam_architecture/0040423_Thap_Duong_Long_Cham_tower_temples,_Hindu_trinity,_Binh_Dinh_Vietnam_101_132506948.png",
Chùa_Bảo_Đàm_năm_2022_(Cổng_chùa_một_bên)_(2)_114398977.png,0.7626,12.7,"Gate structure featuring green glazed roof tiles and white decorative masonry with intricate carvings. The pillar displays vertical Chinese characters, while potted plants are arranged on the paved ground in front of a metal gate.","A traditional Vietnamese gate with blue tiled roofs and white ornate carvings, surrounded by potted plants on a paved courtyard.",/Users/jenfnguyen/Documents/Dev/KIS-AAI-DM-Master/data/caption_project/vietnam_architecture/Chùa_Bảo_Đàm_năm_2022_(Cổng_chùa_một_bên)_(2)_114398977.png,
"Chùa_Hòa_Bình_quận_10_(cổng_chùa,_họa_tiết_bông_hoa)_(3)_126997130.png",0.7647,12.7,Decorative wall panel featuring a black floral relief sculpture set within a light blue recessed frame. The surrounding wall is painted in a muted grey tone with a textured finish.,A close-up detail of a floral relief carving on a building wall. The dark carved flowers and leaves are set against a light blue octagonal recess in the textured gray surface.,"/Users/jenfnguyen/Documents/Dev/KIS-AAI-DM-Master/data/caption_project/vietnam_architecture/Chùa_Hòa_Bình_quận_10_(cổng_chùa,_họa_tiết_bông_hoa)_(3)_126997130.png",
"0040423_Thap_Duong_Long_Cham_tower_temples,_Hindu_trinity,_Binh_Dinh_Vietnam_094_132506945.png",0.7655,12.7,"A tall brick tower structure with vertical pilasters and a tiered roof section, partially overgrown with green vegetation. The exterior walls are made of weathered orange bricks, set against a clear blue sky.","A weathered brick tower with ornate stone carvings and an arched opening stands against a clear blue sky. Vegetation grows from its top and sides, while green shrubs surround the base of the ruin.","/Users/jenfnguyen/Documents/Dev/KIS-AAI-DM-Master/data/caption_project/vietnam_architecture/0040423_Thap_Duong_Long_Cham_tower_temples,_Hindu_trinity,_Binh_Dinh_Vietnam_094_132506945.png",
"Chùa_Giác_Sanh_năm_2022_(kiến_trúc_chánh_điện_trên_lầu,_gian_bên)_(1)_126992279.png",0.7656,12.7,"Pagoda entrance featuring yellow walls, brown wooden pillars, and a green tiled roof with upturned corners. Red lanterns hang from the eaves, and gold-painted decorative carvings adorn the facade above the wooden doors.",A yellow temple facade features a curved roof with green tiles and red lanterns. Wooden double doors are open beneath decorative signs with visible text.,"/Users/jenfnguyen/Documents/Dev/KIS-AAI-DM-Master/data/caption_project/vietnam_architecture/Chùa_Giác_Sanh_năm_2022_(kiến_trúc_chánh_điện_trên_lầu,_gian_bên)_(1)_126992279.png",
4G4A0819_HDR_81341509.png,0.7708,12.7,"Colonial buildings line a wide urban intersection, featuring yellow and beige facades with arched windows and a prominent dome. A red flag flies atop the central structure, while motorbikes and cars travel below.","A wide street view features a large colonial building with arched windows and a central tower flying a red flag, alongside other multi-story structures under a cloudy sky.",/Users/jenfnguyen/Documents/Dev/KIS-AAI-DM-Master/data/caption_project/vietnam_architecture/4G4A0819_HDR_81341509.png,
Binh_Tay_market_7_134444520.png,0.7742,12.7,"Interior of a multi-level market building featuring a central concrete staircase with metal railings. The space is filled with numerous small stalls selling various goods, with yellow walls and geometric window patterns visible above.","Interior of a multi-level Vietnamese market with wooden staircases connecting floors lined with shops selling toys and household goods, featuring decorative latticed windows on upper walls.",/Users/jenfnguyen/Documents/Dev/KIS-AAI-DM-Master/data/caption_project/vietnam_architecture/Binh_Tay_market_7_134444520.png,
"Chùa_Hòa_Bình_quận_10_(cổng_chùa,_cột_ghi_chữ_nho)_(2)_119455212.png",0.778,12.8,"Exterior wall of a building featuring a light blue surface with grey decorative corner carvings, a vertical pillar with dark Chinese characters, and an arched metal gate adorned with a lotus flower design.",A white building entrance features a tall vertical sign with black Chinese characters and an arched metal gate decorated with a lotus flower design. Green potted plants grow near the base of the wall.,"/Users/jenfnguyen/Documents/Dev/KIS-AAI-DM-Master/data/caption_project/vietnam_architecture/Chùa_Hòa_Bình_quận_10_(cổng_chùa,_cột_ghi_chữ_nho)_(2)_119455212.png",
04309-Hanoi_(32317550906)_111460975.png,0.7861,12.8,"Mausoleum structure featuring a flat roof and grey stone facade with vertical columns. Two guards stand at the central entrance, flanked by rows of floral wreaths on a paved plaza.","A large mausoleum made of grey stone with a flat roof and tall columns, featuring the inscription CHU TICH HO-CHI-MINH above the entrance, flanked by two uniformed guards standing before rows of yellow flowers.",/Users/jenfnguyen/Documents/Dev/KIS-AAI-DM-Master/data/caption_project/vietnam_architecture/04309-Hanoi_(32317550906)_111460975.png,
"Chùa_Huệ_Nghiêm_năm_2022,_trúc_viên_(Quan_Âm_các,_mái_tranh)_(4)_127261661.png",0.7877,12.8,A white stone statue of a deity stands under a circular bamboo pavilion with a thatched roof. The structure is set on a stone-faced platform surrounded by bamboo stalks and yellow flowers.,"A wooden shelter with a thatched roof stands among bamboo trees, housing a white statue of a deity surrounded by flower offerings and small tables.","/Users/jenfnguyen/Documents/Dev/KIS-AAI-DM-Master/data/caption_project/vietnam_architecture/Chùa_Huệ_Nghiêm_năm_2022,_trúc_viên_(Quan_Âm_các,_mái_tranh)_(4)_127261661.png",
Beads_from_Burial_Jacket_(9966963845)_102411683.png,0.79,12.8,"A wooden information plaque displays text in both Chinese and English, describing a string beads knitting jacket. The sign is mounted on a light-colored wood surface with a visible grain pattern.",A wooden display panel features engraved Chinese and English text explaining a traditional jade shroud with string beads knitting details.,/Users/jenfnguyen/Documents/Dev/KIS-AAI-DM-Master/data/caption_project/vietnam_architecture/Beads_from_Burial_Jacket_(9966963845)_102411683.png,
"Bảo_tháp_của_Chùa_Thiên_Mụ,_tháng_3_năm_2021_(5)_106177796.png",0.7924,12.8,Octagonal seven-story pagoda constructed from weathered brown bricks with red-painted accents. The structure features arched openings on each level and stands on a stone base surrounded by trees and a grassy lawn.,A tall octagonal pagoda with seven tiers and curved eaves stands on a stone base surrounded by pine trees and bare branches. Green grass covers the ground in front of the structure.,"/Users/jenfnguyen/Documents/Dev/KIS-AAI-DM-Master/data/caption_project/vietnam_architecture/Bảo_tháp_của_Chùa_Thiên_Mụ,_tháng_3_năm_2021_(5)_106177796.png",
"Annam._Binh-dinh._Panorama_des_tours_cham,_en_deux_phototype_-_(photogr.)_A._S(alles)_-_btv1b53013111s_(1_of_2)_154461633.png",0.7927,12.8,"Weathered brick tower structure with a vaulted roof and arched openings, standing on a hillside. The masonry shows significant erosion and loss of material, with vegetation growing on the upper sections.",A weathered brick tower ruin with an arched opening and decorative bands stands on a grassy hilltop against distant hills.,"/Users/jenfnguyen/Documents/Dev/KIS-AAI-DM-Master/data/caption_project/vietnam_architecture/Annam._Binh-dinh._Panorama_des_tours_cham,_en_deux_phototype_-_(photogr.)_A._S(alles)_-_btv1b53013111s_(1_of_2)_154461633.png",
Chùa_Bảo_Đàm_năm_2022_(cây_cảnh)_(17)_115905651.png,0.7932,12.8,"Green leafy trees with thin brown branches are positioned in front of a plain, smooth white wall. The foliage partially obscures the flat surface of the building exterior under bright daylight.",Green and yellow leaves on trees with thin branches obscure a white wall behind them.,/Users/jenfnguyen/Documents/Dev/KIS-AAI-DM-Master/data/caption_project/vietnam_architecture/Chùa_Bảo_Đàm_năm_2022_(cây_cảnh)_(17)_115905651.png,
Chùa_Diệu_Pháp_(nhà_khách_mái_ngói_xanh)_(1)_126992680.png,0.7937,12.8,"Traditional wooden building with a green tiled hip roof and dark brown pillars, featuring a stone-paved courtyard with potted lotus plants and a small wooden structure with a sign on the right.","A traditional wooden communal house with a green tiled roof and red pillars stands on a stone-paved courtyard. Potted lotus plants line the entrance steps, and a sign reads 'HOI DA TET'.",/Users/jenfnguyen/Documents/Dev/KIS-AAI-DM-Master/data/caption_project/vietnam_architecture/Chùa_Diệu_Pháp_(nhà_khách_mái_ngói_xanh)_(1)_126992680.png,
Chùa_Giác_Sanh_năm_2022_(kiến_trúc_chánh_điện_trên_lầu)_(19a)_126992275.png,0.7946,12.8,"Pagoda entrance featuring yellow walls, dark wooden doors, and green tiled curved roof eaves. A golden relief sculpture of a warrior stands on the left, accented by red lanterns and ornate gold carvings.",The entrance of a yellow temple with curved green-tiled roofs and golden dragon decorations. Red lanterns hang from the eaves above wooden doors and intricate carvings.,/Users/jenfnguyen/Documents/Dev/KIS-AAI-DM-Master/data/caption_project/vietnam_architecture/Chùa_Giác_Sanh_năm_2022_(kiến_trúc_chánh_điện_trên_lầu)_(19a)_126992275.png,
04274-Hanoi_(32822196565)_111460532.png,0.796,12.8,"One-pillar pagoda featuring a dark wooden structure with a curved tiled roof, supported by a single concrete pillar rising from a small pond. A stone staircase leads to the elevated wooden platform.","A wooden pagoda with a curved tiled roof stands on concrete pillars over water, connected by a stone staircase. People are visible on the upper level and walkway, surrounded by green trees.",/Users/jenfnguyen/Documents/Dev/KIS-AAI-DM-Master/data/caption_project/vietnam_architecture/04274-Hanoi_(32822196565)_111460532.png,
"Chùa_Bảo_Quang,_Tân_Phú_(Mặt_chính_diện_cổng),_tháng_5_năm_2021_(2)_105338443.png",0.8018,12.7,"Pagoda entrance featuring a wooden sign with gold lettering mounted above a dark metal gate. Intricate brown wooden carvings frame the gate, while a green leafy plant stands in the foreground.","A close-up of a temple entrance featuring an ornate wooden gate and a large sign with gold lettering on a brown background, partially obscured by green foliage.","/Users/jenfnguyen/Documents/Dev/KIS-AAI-DM-Master/data/caption_project/vietnam_architecture/Chùa_Bảo_Quang,_Tân_Phú_(Mặt_chính_diện_cổng),_tháng_5_năm_2021_(2)_105338443.png",
"Bảo_tháp_của_Chùa_Thiên_Mụ,_tháng_3_năm_2021_(3)_106177736.png",0.8033,12.7,Octagonal pagoda tower constructed from reddish-brown bricks features multiple levels with arched openings and decorative white panels. The structure is surrounded by pine trees and bare-branched trees against a clear sky.,"A tall brick pagoda with multiple tiers and arched windows is viewed from below against a pale sky, surrounded by green pine trees and bare branches.","/Users/jenfnguyen/Documents/Dev/KIS-AAI-DM-Master/data/caption_project/vietnam_architecture/Bảo_tháp_của_Chùa_Thiên_Mụ,_tháng_3_năm_2021_(3)_106177736.png",
"Chùa_Hòa_Bình_quận_10_(cổng_chùa,_cột_ghi_chữ_nho)_(1)_119455211.png",0.8035,12.7,"A light-colored wall features a vertical pillar with Chinese characters, adjacent to a metal gate decorated with a lotus motif. A curved roof edge with orange tiles is visible at the top.","Close-up of a building entrance with an arched metal gate featuring a lotus design. A vertical pillar displays Chinese characters, and green plants are visible to the left.","/Users/jenfnguyen/Documents/Dev/KIS-AAI-DM-Master/data/caption_project/vietnam_architecture/Chùa_Hòa_Bình_quận_10_(cổng_chùa,_cột_ghi_chữ_nho)_(1)_119455211.png",
Ap_Bac_Memorial_Gate_14632911.png,0.8045,12.7,"Concrete gate structure spanning a road, featuring a central archway with a sign, topped with a red flag and multiple colorful flags. The structure is painted in beige and dark red tones.","A monumental concrete gate with a curved top and red-brown pillars stands over a road, flanked by colorful flags on poles and a central Vietnamese flag. A truck drives under the archway where a sign reads CHIẾN THẮNG ẤP BÁC.",/Users/jenfnguyen/Documents/Dev/KIS-AAI-DM-Master/data/caption_project/vietnam_architecture/Ap_Bac_Memorial_Gate_14632911.png,
"0040423_Thap_Duong_Long_Cham_tower_temples,_Hindu_trinity,_Binh_Dinh_Vietnam_127_132506949.png",0.8075,12.7,Brick tower wall featuring intricate stone carvings of deities set within arched frames. The weathered orange brickwork contrasts with the grey stone reliefs against a clear blue sky.,A weathered brick tower features a large stone relief carving of a dragon and a circular emblem on its exterior wall against a clear blue sky.,"/Users/jenfnguyen/Documents/Dev/KIS-AAI-DM-Master/data/caption_project/vietnam_architecture/0040423_Thap_Duong_Long_Cham_tower_temples,_Hindu_trinity,_Binh_Dinh_Vietnam_127_132506949.png",
"0040423_Thap_Duong_Long_Cham_tower_temples,_Hindu_trinity,_Binh_Dinh_Vietnam_074_132506940.png",0.8088,12.7,"Red brick tower structure featuring intricate stone carvings of figures above a narrow doorway. The weathered masonry displays vertical pilasters and textured surfaces, with green foliage growing near the base of the walls.","A weathered red brick tower features a tall stone stele with carved reliefs and inscriptions set between two sections of crumbling wall, surrounded by green foliage.","/Users/jenfnguyen/Documents/Dev/KIS-AAI-DM-Master/data/caption_project/vietnam_architecture/0040423_Thap_Duong_Long_Cham_tower_temples,_Hindu_trinity,_Binh_Dinh_Vietnam_074_132506940.png",
"Chùa_Giác_Sanh_năm_2022_(kiến_trúc_chánh_điện_trên_lầu,_cửa_gỗ)_(2)_123933707.png",0.813,12.7,Interior of a temple featuring a bright yellow wall with a prominent red and gold decorative plaque above a wooden doorway. The open door reveals a space with carved wooden panels and a statue.,"The interior of a Vietnamese temple features polished stone floors reflecting the space. A large wooden door stands open, revealing an altar area beneath yellow walls adorned with intricate golden decorations and traditional red and gold motifs.","/Users/jenfnguyen/Documents/Dev/KIS-AAI-DM-Master/data/caption_project/vietnam_architecture/Chùa_Giác_Sanh_năm_2022_(kiến_trúc_chánh_điện_trên_lầu,_cửa_gỗ)_(2)_123933707.png",
Big_bell_in_Chùa_Linh_Phước_-_panoramio_56269460.png,0.8144,12.7,"Large bronze bell suspended in an interior space, featuring relief carvings and numerous yellow paper slips attached to its lower surface. The bell is supported by a dark wooden frame structure.","A large bronze cylindrical bell stands inside a building, its lower section covered with yellow paper slips. The bell has decorative bands and faded inscriptions, surrounded by painted walls.",/Users/jenfnguyen/Documents/Dev/KIS-AAI-DM-Master/data/caption_project/vietnam_architecture/Big_bell_in_Chùa_Linh_Phước_-_panoramio_56269460.png,
A_cup_of_batbao_tea_at_Vân_Anh_Iced_Tea_13-09-2025_E6_179794680.png,0.8179,12.7,"A glass of dark liquid and a yellow leaf sit on a white table, with small plastic stools and parked motorcycles visible on the paved ground in the background at night.","A glass of dark soda with ice sits on a white plastic table next to a yellow leaf and a pack of cigarettes, with motorbikes parked nearby at night.",/Users/jenfnguyen/Documents/Dev/KIS-AAI-DM-Master/data/caption_project/vietnam_architecture/A_cup_of_batbao_tea_at_Vân_Anh_Iced_Tea_13-09-2025_E6_179794680.png,
"Chùa_Bảo_Thắng_ở_Thủ_Đức,_tháng_12_năm_2021_(sân)_(2)_114075915.png",0.8191,12.7,Pagoda structures with curved tiled roofs and intricate wooden carvings stand in a courtyard. A tall red pillar with yellow inscriptions and a shaped bonsai tree are positioned in the foreground.,"A Vietnamese temple complex with ornate golden and red roofs, decorative pillars, and a large sculpted bonsai tree in the courtyard.","/Users/jenfnguyen/Documents/Dev/KIS-AAI-DM-Master/data/caption_project/vietnam_architecture/Chùa_Bảo_Thắng_ở_Thủ_Đức,_tháng_12_năm_2021_(sân)_(2)_114075915.png",
"04052023_Ponagar_Hindu_temples_complex,_Nha_Trang_Vietnam_-_274_130722343.png",0.824,12.7,Brick temple tower with a tiered roof and intricate carvings stands at the top of a wide stone staircase. An orange umbrella and a small altar are positioned in the foreground.,"A tall brick Cham tower with a stepped pyramidal roof and ornate carvings rises above a wide central staircase. An orange umbrella stands at the base of the stairs, surrounded by green trees against a blue sky.","/Users/jenfnguyen/Documents/Dev/KIS-AAI-DM-Master/data/caption_project/vietnam_architecture/04052023_Ponagar_Hindu_temples_complex,_Nha_Trang_Vietnam_-_274_130722343.png",
Chùa_Bảo_Đàm_năm_2022_(cổng_chính_nhìn_chính_diện_phía_trước)_(5)_114398974.png,0.8242,12.7,"Pagoda exterior featuring a black metal gate with lotus motifs, gray stone carvings, and two gold-colored relief panels on the wall. The building facade displays Chinese characters and Vietnamese text inscriptions.","An ornate pagoda facade with a decorative gate and golden dragon panels, featuring intricate grey carvings and a sign reading CHUA BAO AN.",/Users/jenfnguyen/Documents/Dev/KIS-AAI-DM-Master/data/caption_project/vietnam_architecture/Chùa_Bảo_Đàm_năm_2022_(cổng_chính_nhìn_chính_diện_phía_trước)_(5)_114398974.png,
Chùa_Bửu_Quang_(Cổng_chùa)_(8)_116025951.png,0.8261,12.7,"Multi-story pagoda building featuring yellow walls, dark brown wooden pillars, and carved railings with lotus motifs. Strings of colorful Buddhist flags hang above the structure against a twilight sky.","A low-angle view of a multi-story pagoda with curved tiled roofs and carved wooden balconies. Colorful prayer flags hang above against a blue sky, while green foliage frames the entrance pillars.",/Users/jenfnguyen/Documents/Dev/KIS-AAI-DM-Master/data/caption_project/vietnam_architecture/Chùa_Bửu_Quang_(Cổng_chùa)_(8)_116025951.png,
"04052023_Ponagar_Hindu_temples_complex,_Nha_Trang_Vietnam_-_158_130722359.png",0.8266,12.7,"Brick tower with a square base and tiered roof structure stands on a paved courtyard. The weathered orange masonry features vertical pilasters and recessed panels, with small potted plants placed at the base.","A weathered brick temple with a conical roof stands on a paved courtyard. The structure features aged orange and brown bricks, smaller tiered turrets at its base, and potted plants near the foundation under a clear blue sky.","/Users/jenfnguyen/Documents/Dev/KIS-AAI-DM-Master/data/caption_project/vietnam_architecture/04052023_Ponagar_Hindu_temples_complex,_Nha_Trang_Vietnam_-_158_130722359.png",
An_Dinh_Palace_-_Cung_An_Định_(2024)_-_entrance_gate_-_img_03_151201253.png,0.8296,12.7,"Ornate entrance gate featuring a yellow arched doorway and red wooden doors, decorated with intricate ceramic mosaic patterns and roof sculptures. The structure is surrounded by manicured potted trees and palm trees.","A yellow and gray tiled gate with an arched entrance, red wooden doors, ornate dragon sculptures on the roof ridge, and circular window above the archway, flanked by potted plants and palm trees.",/Users/jenfnguyen/Documents/Dev/KIS-AAI-DM-Master/data/caption_project/vietnam_architecture/An_Dinh_Palace_-_Cung_An_Định_(2024)_-_entrance_gate_-_img_03_151201253.png,
Canh_7_1655881.png,0.8332,12.7,"Stone gate with a vaulted archway stands in front of a yellow building with a tiled roof. A man stands beside the gate, which features vertical inscriptions on its pillars and surrounding trees.","An old stone gate with an arched entryway stands beneath large overhanging tree branches. A man leans against the left pillar, while a yellow building and greenery are visible behind the entrance.",/Users/jenfnguyen/Documents/Dev/KIS-AAI-DM-Master/data/caption_project/vietnam_architecture/Canh_7_1655881.png,
"Chùa_Hòa_Bình_quận_10_(cổng_chùa,_họa_tiết_bông_hoa)_(4)_126997133.png",0.8352,12.7,Decorative relief panel embedded in a light-colored wall featuring a dark-colored floral motif. The sculpture depicts stylized chrysanthemum flowers and leaves set against a pale blue background within a recessed frame.,A close-up of a light blue decorative relief panel set into a gray wall. The black floral motif features stylized flowers and leaves within an ornate frame.,"/Users/jenfnguyen/Documents/Dev/KIS-AAI-DM-Master/data/caption_project/vietnam_architecture/Chùa_Hòa_Bình_quận_10_(cổng_chùa,_họa_tiết_bông_hoa)_(4)_126997133.png",
"Bức_tường_nghĩa_địa_dài_như_dải_Gaza_ở_BHHA_xa_diệu_vợi,_ng18th12n2022_(11)_127455764.png",0.8385,12.7,"Concrete wall featuring large, stylized black and white graffiti lettering. The wall is positioned along a paved road, with dense green foliage visible behind the structure under a bright blue sky.","A concrete wall covered in large grey and white graffiti tags stands beside a paved road, backed by dense green trees under a blue sky.","/Users/jenfnguyen/Documents/Dev/KIS-AAI-DM-Master/data/caption_project/vietnam_architecture/Bức_tường_nghĩa_địa_dài_như_dải_Gaza_ở_BHHA_xa_diệu_vợi,_ng18th12n2022_(11)_127455764.png",
Binh_Tay_market_13_134444626.png,0.8392,12.7,"Corrugated metal roof of a large building features multiple silver turbine ventilators. In the background, a tall modern apartment tower and several multi-story residential buildings rise above the urban landscape under a blue sky.","A row of weathered corrugated metal and terracotta tile roofs with multiple silver turbine vents, set against a backdrop of urban buildings including a tall white high-rise under a blue sky with scattered clouds.",/Users/jenfnguyen/Documents/Dev/KIS-AAI-DM-Master/data/caption_project/vietnam_architecture/Binh_Tay_market_13_134444626.png,
Chùa_Giác_Tánh_(Cổng_chùa)_(15)_119454413.png,0.8419,12.7,"A dark wooden gate pillar features vertical gold-painted calligraphy and floral carvings. A bright yellow pillar stands nearby, while colorful prayer flags hang above a courtyard with tables and chairs in the background.",A dark wooden gate with vertical bars and intricate carved panels decorated with gold floral motifs stands beside a bright yellow pillar at an entrance.,/Users/jenfnguyen/Documents/Dev/KIS-AAI-DM-Master/data/caption_project/vietnam_architecture/Chùa_Giác_Tánh_(Cổng_chùa)_(15)_119454413.png,
Chùa_Giác_Sanh_năm_2022_(họa_tiết_bàn_thờ_Phật_trong_chánh_điện)_(1a)_126961747.png,0.8431,12.8,"Wooden altar table featuring intricate gold-painted carvings on a dark background. The design includes geometric patterns, floral motifs, and a central circular symbol, topped with a stone surface and yellow glass vessels.",A close-up of a purple wooden altar panel with intricate gold carvings. The central design is a circular longevity symbol surrounded by floral motifs. Gold and black geometric patterns decorate the upper sections.,/Users/jenfnguyen/Documents/Dev/KIS-AAI-DM-Master/data/caption_project/vietnam_architecture/Chùa_Giác_Sanh_năm_2022_(họa_tiết_bàn_thờ_Phật_trong_chánh_điện)_(1a)_126961747.png,
"04052023_Ponagar_Hindu_temples_complex,_Nha_Trang_Vietnam_-_150_130722365.png",0.8432,12.8,"Brick tower with a tiered, pyramidal roof and arched entrances stands against a clear blue sky. The structure features vertical pilasters and detailed masonry, surrounded by a paved courtyard with small potted plants.",A weathered brick Cham tower stands against a clear blue sky. The structure features ornate carvings and multiple tiers of arched niches. Potted plants surround the base on a paved courtyard.,"/Users/jenfnguyen/Documents/Dev/KIS-AAI-DM-Master/data/caption_project/vietnam_architecture/04052023_Ponagar_Hindu_temples_complex,_Nha_Trang_Vietnam_-_150_130722365.png",
"04052023_Ponagar_Hindu_temples_complex,_Nha_Trang_Vietnam_-_88_130722381.png",0.8447,12.8,"Brick tower with a tiered, pointed roof stands on a paved courtyard. The structure features intricate carvings, arched doorways, and weathered orange masonry, surrounded by green trees and a stone stele.","A weathered brick Cham tower with a stepped pyramidal roof stands on a paved courtyard under a clear blue sky, flanked by green trees and potted plants.","/Users/jenfnguyen/Documents/Dev/KIS-AAI-DM-Master/data/caption_project/vietnam_architecture/04052023_Ponagar_Hindu_temples_complex,_Nha_Trang_Vietnam_-_88_130722381.png",
"Chùa_Hòa_Bình_quận_10_(cổng_chùa,_bảng_ghi_số_nhà)_(4)_119455202.png",0.8462,12.8,"Entrance gate of a pagoda featuring a light purple wall, a small tiled roof, and a vertical pillar with dark Chinese character reliefs. A sign with yellow text on a blue background is mounted on the wall.","The exterior entrance of a pagoda with a blue sign reading CHÙA HÒA BÌNH mounted on a grey wall. A vertical column displays carved Vietnamese text, and green bushes grow at the base.","/Users/jenfnguyen/Documents/Dev/KIS-AAI-DM-Master/data/caption_project/vietnam_architecture/Chùa_Hòa_Bình_quận_10_(cổng_chùa,_bảng_ghi_số_nhà)_(4)_119455202.png",
Chùa_Bảo_Đàm_năm_2022_(cổng_chính_và_cây_cảnh)_(2)_115831980.png,0.8464,12.8,"A stone-paved courtyard features a tall palm tree and numerous potted plants leading toward a light-colored gate with curved roof edges and intricate grey decorative carvings, set against a clear sky.",A paved courtyard path lined with potted plants leads to an ornate gate and white colonial-style building. A large palm tree frames the left side of the view.,/Users/jenfnguyen/Documents/Dev/KIS-AAI-DM-Master/data/caption_project/vietnam_architecture/Chùa_Bảo_Đàm_năm_2022_(cổng_chính_và_cây_cảnh)_(2)_115831980.png,
Cafe_house_(16374167999)_136084667.png,0.8473,12.8,"Colonial building with yellow walls and a brown tiled roof features a wrap-around balcony with white railings. The ground level includes green awnings, outdoor seating, and a busy street with motorbikes.",A yellow colonial building with a brown tiled roof and white wooden balconies stands on a street corner. Green awnings cover the ground floor windows while motorbikes pass in front.,/Users/jenfnguyen/Documents/Dev/KIS-AAI-DM-Master/data/caption_project/vietnam_architecture/Cafe_house_(16374167999)_136084667.png,
An_Dinh_Palace_-_Cung_An_Định_(2024)_-_front_facade_-_img_05_151201459.png,0.8517,12.8,"Colonial building facade featuring a yellow exterior with white ornate plaster carvings, Corinthian columns, and a balustrade balcony. The central pediment displays decorative motifs and Chinese characters above the entrance.",A yellow colonial building facade with white decorative carvings and columns. The structure features a prominent entrance with arched doors and an inscription above it set against an overcast sky.,/Users/jenfnguyen/Documents/Dev/KIS-AAI-DM-Master/data/caption_project/vietnam_architecture/An_Dinh_Palace_-_Cung_An_Định_(2024)_-_front_facade_-_img_05_151201459.png,
"Chùa_Huệ_Nghiêm_năm_2022,_trúc_viên_(lối_đi)_(1)_127262519.png",0.8535,12.8,"Bamboo grove surrounds a small structure with a thatched roof and a stone base, featuring a stone-paved path leading through the trees and several potted plants placed on the ground.",A dense grove of tall green bamboo trees surrounds a stone pathway lined with potted plants and fallen leaves. A thatched roof structure is visible in the background behind the bamboo.,"/Users/jenfnguyen/Documents/Dev/KIS-AAI-DM-Master/data/caption_project/vietnam_architecture/Chùa_Huệ_Nghiêm_năm_2022,_trúc_viên_(lối_đi)_(1)_127262519.png",
Bao_Dai's_Palace_1_129155624.png,0.8547,12.8,"Colonial building with yellow walls, green shutters, and a terracotta tiled roof stands in a garden. The structure features arched windows on the ground floor and is surrounded by flower beds and trees.",A yellow colonial building with a red-tiled roof and green shutters stands behind colorful flowerbeds. Tall pine trees surround the structure under an overcast sky.,/Users/jenfnguyen/Documents/Dev/KIS-AAI-DM-Master/data/caption_project/vietnam_architecture/Bao_Dai's_Palace_1_129155624.png,
"Chùa_Diệu_Pháp_(mái_trần_Chánh_điện,_họa_tiết)_(6)_127033115.png",0.8574,12.8,"Wooden ceiling interior featuring an octagonal central medallion with carved floral petal patterns. The surrounding panels are composed of diagonal wooden planks, accented by recessed lighting and intricate carved borders.","A wooden ceiling features an octagonal medallion with a carved lotus flower at its center. The panels are arranged in diagonal and chevron patterns, with decorative molding and small recessed lights along the edges.","/Users/jenfnguyen/Documents/Dev/KIS-AAI-DM-Master/data/caption_project/vietnam_architecture/Chùa_Diệu_Pháp_(mái_trần_Chánh_điện,_họa_tiết)_(6)_127033115.png",
"Chùa_Hòa_Bình_quận_10_(cổng_chùa,_công_bên_nhìn_thẳng)_(2)_119455210.png",0.8635,12.7,"Gate of a religious structure featuring a curved tiled roof with a sun motif, gray metal doors with lotus designs, and white pillars decorated with black Chinese characters.",A white gate with an arched metal door featuring lotus flower designs and vertical bars. The structure has a traditional curved roof with terracotta tiles and is flanked by pillars with inscriptions.,"/Users/jenfnguyen/Documents/Dev/KIS-AAI-DM-Master/data/caption_project/vietnam_architecture/Chùa_Hòa_Bình_quận_10_(cổng_chùa,_công_bên_nhìn_thẳng)_(2)_119455210.png",
Chùa_Giác_Sanh_năm_2022_(chính_điện)_(6)_126992267.png,0.8643,12.7,"Pagoda entrance featuring two golden dragon-wrapped pillars, a yellow banner with red text, and red lanterns hanging from the roof. A small tree and potted flowers sit on the stone steps.","A yellow pagoda entrance features two golden dragon pillars flanking stone steps leading to double doors. A large yellow banner with red Vietnamese text hangs above the portico, while colorful flags and red lanterns decorate the facade.",/Users/jenfnguyen/Documents/Dev/KIS-AAI-DM-Master/data/caption_project/vietnam_architecture/Chùa_Giác_Sanh_năm_2022_(chính_điện)_(6)_126992267.png,
"Bridge_Destroyed,_Camp_Evans,_1967_109872239.png",0.8666,12.7,"Destroyed concrete bridge structure with exposed metal rebar lying in a river, with two soldiers in military uniforms walking across the debris in a rural landscape under a clear sky.",Two soldiers in military uniforms walk across a destroyed concrete bridge that has collapsed into muddy water. Broken metal rebar and rubble are scattered across the broken structure.,"/Users/jenfnguyen/Documents/Dev/KIS-AAI-DM-Master/data/caption_project/vietnam_architecture/Bridge_Destroyed,_Camp_Evans,_1967_109872239.png",
"Ancient_Tomb_Complex_in_Phước_Vĩnh_Đông_Commune,_Cần_Giuộc,_Việt_Nam_(10)_198204651.png",0.8668,12.7,Stone tomb detail featuring a miniature tiled roof structure with carved decorative motifs on the ridge. The grey weathered stone is set against a background of green palm leaves and foliage.,"A weathered stone tomb with a decorative tiled roof and carved dragon motifs on the ridges, surrounded by dense green foliage.","/Users/jenfnguyen/Documents/Dev/KIS-AAI-DM-Master/data/caption_project/vietnam_architecture/Ancient_Tomb_Complex_in_Phước_Vĩnh_Đông_Commune,_Cần_Giuộc,_Việt_Nam_(10)_198204651.png",
"Chùa_Bảo_Quang,_Tân_Phú,_tháng_01_năm_2022_(cổng_chùa_nhìn_từ_bên_trong)_(5)_114342746.png",0.8696,12.7,"A gate structure features a dark tiled roof with curved edges and a large rectangular wooden plaque with gold text. A yellow fabric lantern hangs on the left side, and a metal gate is visible below.","A wooden plaque with gold lettering hangs above a black metal gate under a dark tiled roof. A yellow paper lantern is suspended to the left, and a white stone lantern stands on the right.","/Users/jenfnguyen/Documents/Dev/KIS-AAI-DM-Master/data/caption_project/vietnam_architecture/Chùa_Bảo_Quang,_Tân_Phú,_tháng_01_năm_2022_(cổng_chùa_nhìn_từ_bên_trong)_(5)_114342746.png",
"Chùa_Bảo_Thắng_ở_Thủ_Đức,_tháng_12_năm_2021_(Chánh_điện)_(12)_113284907.png",0.8776,12.7,"Pagoda exterior featuring a curved tiled roof with golden dragon sculptures on the eaves. The yellow walls are decorated with intricate wooden carvings and grey stone pillars, surrounded by green foliage.","A golden pagoda facade features intricate carved woodwork and a sculpted dragon on the curved roof ridge, surrounded by green foliage.","/Users/jenfnguyen/Documents/Dev/KIS-AAI-DM-Master/data/caption_project/vietnam_architecture/Chùa_Bảo_Thắng_ở_Thủ_Đức,_tháng_12_năm_2021_(Chánh_điện)_(12)_113284907.png",
Bể_bơi_Hòn_Dấu_39630165.png,0.8782,12.7,People swim and play in a large artificial wave pool at a water park. The pool features blue water and palm trees along the distant shore under a bright sky.,People swimming and playing in a large outdoor wave pool with blue water. Palm trees line the far edge of the pool area.,/Users/jenfnguyen/Documents/Dev/KIS-AAI-DM-Master/data/caption_project/vietnam_architecture/Bể_bơi_Hòn_Dấu_39630165.png,
"Bức_tường_nghĩa_địa_dài_như_dải_Gaza_ở_BHHA_xa_diệu_vợi,_ng18th12n2022_(10)_127455760.png",0.8789,12.7,A long concrete wall covered in colorful graffiti tags and illustrations runs alongside a paved road. Green trees are visible behind the wall under a bright blue sky with scattered clouds.,A concrete wall covered in black and white graffiti tags on the left side and blue and red graffiti art on the right side stands along a paved road with trees behind it.,"/Users/jenfnguyen/Documents/Dev/KIS-AAI-DM-Master/data/caption_project/vietnam_architecture/Bức_tường_nghĩa_địa_dài_như_dải_Gaza_ở_BHHA_xa_diệu_vợi,_ng18th12n2022_(10)_127455760.png",
1_copy_resize_7636391.png,0.8803,12.7,"Black and white ink drawing depicting a colonial building with a gabled roof, arched windows, and a central clock on the facade. A low gate and fence are visible in the foreground.","A black and white ink drawing of a colonial-style building with arched windows and a clock tower, fronted by an entrance gate labeled CON GA, under the large title ORANGE.",/Users/jenfnguyen/Documents/Dev/KIS-AAI-DM-Master/data/caption_project/vietnam_architecture/1_copy_resize_7636391.png,
04142-Hanoi_(32317496486)_111460993.png,0.888,12.7,"Large grey stone mausoleum featuring a rectangular tiered structure with vertical pillars. The building is surrounded by manicured gardens with palm trees, yellow flowers, and paved walkways where people are walking.",A large grey stone mausoleum with vertical columns and a flat roof stands behind a paved path lined with manicured green hedges and bright yellow flowers in the foreground.,/Users/jenfnguyen/Documents/Dev/KIS-AAI-DM-Master/data/caption_project/vietnam_architecture/04142-Hanoi_(32317496486)_111460993.png,
Benh_vien_Loc_Ninh_89262259.png,0.8939,12.8,Yellow colonial building with a flat roof featuring arched concrete supports. A sign above the entrance displays the text BENH VIEN LOC NINH with a red star in the center.,A weathered yellow colonial building with a dark corrugated metal roof and peeling paint. A concrete sign above the entrance reads BENH VIEN LOC NINH.,/Users/jenfnguyen/Documents/Dev/KIS-AAI-DM-Master/data/caption_project/vietnam_architecture/Benh_vien_Loc_Ninh_89262259.png,
"Chùa_Diệu_Pháp_(trong_Chánh_điện,_Ban_thờ_Phật_tổ)_(5)_127033514.png",0.896,12.8,"Interior of a temple featuring a large wooden Buddha statue placed behind an ornate, dark-carved wooden altar. The room is paneled with polished wood on the walls and ceiling, illuminated by hanging light fixtures.",Interior of a wooden temple with a large bronze Buddha statue seated behind an ornate dark wood altar table filled with offerings and flowers.,"/Users/jenfnguyen/Documents/Dev/KIS-AAI-DM-Master/data/caption_project/vietnam_architecture/Chùa_Diệu_Pháp_(trong_Chánh_điện,_Ban_thờ_Phật_tổ)_(5)_127033514.png",
"04052023_Ponagar_Hindu_temples_complex,_Nha_Trang_Vietnam_-_155_130722363.png",0.9008,12.8,"Brick tower with a tall, pointed, pyramidal roof stands on a paved courtyard. The structure features weathered orange masonry, decorative stone carvings above the entrance, and small potted palm trees at its base.",A tall brick tower with a conical roof and weathered walls features an ornate entrance niche. The structure stands on a paved courtyard surrounded by green trees under a clear blue sky.,"/Users/jenfnguyen/Documents/Dev/KIS-AAI-DM-Master/data/caption_project/vietnam_architecture/04052023_Ponagar_Hindu_temples_complex,_Nha_Trang_Vietnam_-_155_130722363.png",
"004_Cổng_làng_Văn_Trì,_Hà_Nội_149568443.png",0.9022,12.8,"A traditional gate with a tiled roof spans a narrow alleyway between modern multi-story buildings. The yellow-painted structure features wooden beams and a central panel with an inscription, surrounded by urban clutter.",A traditional gate with a curved tiled roof and wooden lattice spans a narrow alley between modern shophouses. The yellow structure features visible weathering and overhead electrical wires.,"/Users/jenfnguyen/Documents/Dev/KIS-AAI-DM-Master/data/caption_project/vietnam_architecture/004_Cổng_làng_Văn_Trì,_Hà_Nội_149568443.png",
Bên_trong_nhà_thờ_Năng_Gù_-_panoramio_52795160.png,0.9069,12.8,"Interior of a church featuring a high vaulted ceiling with yellow ribs and white walls. Rows of wooden pews face the altar, which is decorated with religious statues and a central cross.","Interior of a church featuring white walls and columns with yellow accents, arched vaulted ceilings, rows of wooden pews, and an altar at the far end.",/Users/jenfnguyen/Documents/Dev/KIS-AAI-DM-Master/data/caption_project/vietnam_architecture/Bên_trong_nhà_thờ_Năng_Gù_-_panoramio_52795160.png,
"Ancient_Tomb_Complex_in_Phước_Vĩnh_Đông_Commune,_Cần_Giuộc,_Việt_Nam_(43)_198204733.png",0.9219,12.8,"Stone tomb structure featuring a tiered roof with cylindrical tile details and a white, weathered wall. The grey masonry is surrounded by green foliage in an outdoor setting.","A weathered tomb structure with a gray tiled roof and white walls, surrounded by green foliage.","/Users/jenfnguyen/Documents/Dev/KIS-AAI-DM-Master/data/caption_project/vietnam_architecture/Ancient_Tomb_Complex_in_Phước_Vĩnh_Đông_Commune,_Cần_Giuộc,_Việt_Nam_(43)_198204733.png",
"Chùa_Bảo_Thắng_ở_Thủ_Đức,_tháng_12_năm_2021_(Cổng_chùa_chánh_diện)_(9)_113700987.png",0.9238,12.8,"Temple gate featuring a curved tiled roof with dragon ornaments, red and light blue painted walls, and intricate gold-colored wood carvings above a black metal gate. Modern buildings are visible in the background.","An ornate temple gate with red pillars, turquoise walls, and extensive gold dragon carvings. A black metal gate stands at the entrance beneath an elaborate tiled roof.","/Users/jenfnguyen/Documents/Dev/KIS-AAI-DM-Master/data/caption_project/vietnam_architecture/Chùa_Bảo_Thắng_ở_Thủ_Đức,_tháng_12_năm_2021_(Cổng_chùa_chánh_diện)_(9)_113700987.png",
"Chùa_Hòa_Bình_quận_10_(cổng_chùa,_cửa_sắt)_119455215.png",0.928,12.8,"Arched metal gate painted light gray features vertical bars and decorative lotus flower motifs at the bottom. A red rectangular sign is attached to the gate, with a glimpse of a building interior visible behind.",Arched metal gate with vertical bars and lotus flower cutouts on lower panels. A red sign is visible through the bars.,"/Users/jenfnguyen/Documents/Dev/KIS-AAI-DM-Master/data/caption_project/vietnam_architecture/Chùa_Hòa_Bình_quận_10_(cổng_chùa,_cửa_sắt)_119455215.png",
"Chùa_Giác_Sanh_năm_2022_(Ban_thờ_trong_chánh_điện,_tấm_thảm_đỏ)_(5)_126983194.png",0.9582,12.8,"Interior of a temple featuring a central golden Buddha statue seated on a dark wooden altar. The space is decorated with red floral arrangements, intricate gold-painted wooden carvings, and a large red patterned carpet.","Interior of a temple with a golden Buddha statue on an ornate altar, red pillars, floral arrangements, and large red patterned rugs.","/Users/jenfnguyen/Documents/Dev/KIS-AAI-DM-Master/data/caption_project/vietnam_architecture/Chùa_Giác_Sanh_năm_2022_(Ban_thờ_trong_chánh_điện,_tấm_thảm_đỏ)_(5)_126983194.png",
"Chùa_Huê_Nghiêm_ở_Thủ_Đức,_tháng_12_năm_2021_(Vườn_kiểng)_(2)_113327775.png",0.9647,12.8,Golden pagoda-style lanterns stand on brown pillars in a garden with potted plants and flowering shrubs. A building with a green tiled roof and yellow walls is visible in the background.,"Golden pagoda-style lanterns stand on reddish-brown pillars in a garden with green shrubs and pink flowers, with a traditional building featuring a green tiled roof visible in the background.","/Users/jenfnguyen/Documents/Dev/KIS-AAI-DM-Master/data/caption_project/vietnam_architecture/Chùa_Huê_Nghiêm_ở_Thủ_Đức,_tháng_12_năm_2021_(Vườn_kiểng)_(2)_113327775.png",
